Case,Country,Prop,JR,CJEU_Ref,Nat_Doc
CJEU - Kadi,CJEU,1,2,2,1
CJEU - Bank Melli,CJEU,1,2,2,1
CJEU - Rosneft,CJEU,1,2,2,1
CJEU - PMOI,CJEU,2,3,1,0
CJEU - Gestoras,CJEU,2,3,0,0
CJEU - Jemerak,CJEU,0,0,0,1
CJEU - Gutseriev,CJEU,1,2,2,1
CJEU - SBK,CJEU,2,3,0,2
CJEU - Generalstaatsanwaltschaft,CJEU,2,3,0,0
CJEU - Alfa-Bank,CJEU,1,2,2,1
CJEU - Pumpyanskiy,CJEU,1,2,2,0
CJEU - Telekom,CJEU,2,3,2,1
CJEU - Arbuzov,CJEU,2,3,1,1
CJEU - Yanukovych,CJEU,1,2,2,0
CJEU - Rosneft (2017),CJEU,1,2,2,0
FR1 ‚Äì CE 396651,France,2,3,1,0
FR2 ‚Äì CE 432873,France,2,1,2,2
FR3 ‚Äì CE 428178,France,2,3,0,2
FR4 ‚Äì CE 434684,France,2,1,2,0
FR5 ‚Äì CE 446155,France,1,1,2,0
FR6 ‚Äì CAA Paris 18PA03828,France,1,1,1,0
GR1 ‚Äì BVerwG 1 C 23.16,Germany,1,2,2,0
GR2 ‚Äì BVerwG 1 C 31.18,Germany,2,1,2,2
GR3 ‚Äì BVerwG 1 A 3.17,Germany,2,1,0,2
GR4 ‚Äì BVerwG 1 C 11.19,Germany,1,2,2,0
GR5 ‚Äì BVerwG 6 C 7.19,Germany,2,3,0,2
GR6 ‚Äì BVerwG 3 B 31.19,Germany,2,3,2,2
NL1 ‚Äì HR 2024_922,Netherlands,2,3,2,2
NL2 ‚Äì RBROT 2024_9672,Netherlands,2,3,2,0
NL3 ‚Äì GHAMS 2023_1058,Netherlands,2,1,2,2
NL4 ‚Äì RBROT 2024_9673,Netherlands,2,1,2,2
NL5 ‚Äì RBAMS 2022_5466,Netherlands,2,1,2,0
NL6 ‚Äì RBAMS 2025_342,Netherlands,1,2,2,0
IT1 ‚Äì TAR Puglia,Italy,1,2,2,0
IT2 ‚Äì TAR Lazio,Italy,2,1,2,2
IT3 ‚Äì Neves 77 Solutions,Italy,2,1,1,2
IT4 ‚Äì INAUGURAZIONE ANNO GIUDIZIARIO,Italy,1,2,2,0
